[
  {
    "name": "春季記録会（SAGAスタジアム）",
    "startDate": "2025-04-05",
    "endDate": "2025-04-05",
    "description": "",
    "link": "/競技会/events/春季記録会/index.html",
    "documents": {
      "要項": "/競技会/events/春季記録会/図や表の挿入完成.pdf",
      "申込用紙": "",
      "タイムテーブル": "",
      "エントリーリスト": "",
      "その他": "",
      "競技結果": ""
    }
    
  },
  {
    "name": "第１回佐賀長距離記録会兼第５回九州実業団連盟長距離記録会（SAGAスタジアム）",
    "startDate": "2025-04-06",
    "endDate": "2025-04-06",
    "description": "",
    "link": "/競技会/events/第１回佐賀長距離記録会兼第５回九州実業団連盟長距離記録会（SAGAスタジアム）/index.html",
    "documents": {
      "要項": "",
      "申込用紙": "",
      "タイムテーブル": "",
      "エントリーリスト": "",
      "その他": "",
      "競技結果": ""
    }
  },
  {
    "name": "第６６回唐津陸上競技記録会（唐津）",
    "startDate": "2025-04-13",
    "endDate": "2025-04-13",
    "description": "",
    "link": "/競技会/events/第６６回唐津陸上競技記録会（唐津/index.html",
    "documents": {
      "要項": "",
      "申込用紙": "",
      "タイムテーブル": "",
      "エントリーリスト": "",
      "その他": "",
      "競技結果": ""
    }
  },
  {
    "name": "佐賀県陸上競技記録会兼国民スポーツ大会選考会（SAGAスタジアム）",
    "startDate": "2025-04-19",
    "endDate": "2025-04-20",
    "description": "",
    "link": "/競技会/events/佐賀県陸上競技記録会兼国民スポーツ大会選考会（SAGAスタジアム）/index.html",
    "documents": {
      "要項": "",
      "申込用紙": "",
      "タイムテーブル": "",
      "エントリーリスト": "",
      "その他": "",
      "競技結果": ""
    }
  },
  {
    "name": "第２４回佐賀県障碍者スポーツ大会兼さわやかスポレク（SAGAスタジアム）",
    "startDate": "2025-04-27",
    "endDate": "2025-04-27",
    "description": "",
    "link": "/競技会/events/佐賀県陸上競技記録会兼国民スポーツ大会選考会（SAGAスタジアム）/index.html",
    "documents": {
      "要項": "",
      "申込用紙": "",
      "タイムテーブル": "",
      "エントリーリスト": "",
      "その他": "",
      "競技結果": ""
    }
  },
  {
    "name": "第６１回国見台陸上競技選手権大会（伊万里）",
    "startDate": "2025-05-03",
    "endDate": "2025-05-04",
    "description": "",
    "link": "/競技会/events/第６１回国見台陸上競技選手権大会（伊万里）/index.html",
    "documents": {
      "要項": "",
      "申込用紙": "",
      "タイムテーブル": "",
      "エントリーリスト": "",
      "その他": "",
      "競技結果": ""
    }
  },
  {
    "name": "第８０回佐賀県陸上競技選手権大会兼国民スポーツ大会選考会（SAGAスタジアム）",
    "startDate": "2025-05-10",
    "endDate": "2025-05-11",
    "description": "",
    "link": "/競技会/events/第８０回佐賀県陸上競技選手権大会兼国民スポーツ大会選考会（SAGAスタジアム）/index.html",
    "documents": {
      "要項": "",
      "申込用紙": "",
      "タイムテーブル": "",
      "エントリーリスト": "",
      "その他": "",
      "競技結果": ""
    }
  },
  {
    "name": "第５４回県中学陸上選手権大会兼国民スポーツ大会選考会（SAGAスタジアム）",
    "startDate": "2025-05-17",
    "endDate": "2025-05-17",
    "description": "",
    "link": "/競技会/events/第５４回県中学陸上選手権大会兼国民スポーツ大会選考会（SAGAスタジアム）/index.html",
    "documents": {
      "要項": "",
      "申込用紙": "",
      "タイムテーブル": "",
      "エントリーリスト": "",
      "その他": "",
      "競技結果": ""
    }
  },
  {
    "name": "第６２回県高校総合体育大会陸上競技（SAGAスタジアム）",
    "startDate": "2025-05-30",
    "endDate": "2025-06-02",
    "description": "",
    "link": "/競技会/events/第６２回県高校総合体育大会陸上競技（SAGAスタジアム）/index.html",
    "documents": {
      "要項": "",
      "申込用紙": "",
      "タイムテーブル": "",
      "エントリーリスト": "",
      "その他": "",
      "競技結果": ""
    }
  },
  {
    "name": "第４４回唐津中学陸上選手権大会兼全国小学生交流大会唐津・東松浦地区大会（唐津）",
    "startDate": "2025-06-07",
    "endDate": "2025-06-07",
    "description": "",
    "link": "/競技会/events/第４４回唐津中学陸上選手権大会兼全国小学生交流大会唐津・東松浦地区大会（唐津）/index.html",
     "documents": {
      "要項": "",
      "申込用紙": "",
      "タイムテーブル": "",
      "エントリーリスト": "",
      "その他": "",
      "競技結果": ""
    }
  },
  {
    "name": "県高校定時・通信制総合体育大会（SAGAスタジアム）",
    "startDate": "2025-06-08",
    "endDate": "2025-06-08",
    "description": "",
    "link": "/競技会/events/県高校定時・通信制総合体育大会（SAGAスタジアム）/index.html",
     "documents": {
      "要項": "",
      "申込用紙": "",
      "タイムテーブル": "",
      "エントリーリスト": "",
      "その他": "",
      "競技結果": ""
    }
  },
  {
    "name": "第４１回マスターズ選手権大会（SAGAスタジアム）",
    "startDate": "2025-06-08",
    "endDate": "2025-06-08",
    "description": "",
    "pdf": "",
    "link": "/競技会/events/第４１回マスターズ選手権大会（SAGAスタジアム）/index.html",
    "documents": {
      "要項": "",
      "申込用紙": "",
      "タイムテーブル": "",
      "エントリーリスト": "",
      "その他": "",
      "競技結果": ""
    }
  },
  {
    "name": "第７８回全国高等学校陸上競技対抗選手権北九州大会（SAGAスタジアム）",
    "startDate": "2025-06-13",
    "endDate": "2025-06-16",
    "description": "",
    "pdf": "",
    "link": "/競技会/events/第７８回全国高等学校陸上競技対抗選手権北九州大会（SAGAスタジアム）/index.html",
    "documents": {
      "要項": "",
      "申込用紙": "",
      "タイムテーブル": "",
      "エントリーリスト": "",
      "その他": "",
      "競技結果": ""
    }
  },
  {
    "name": "第７０回中学通信陸上競技兼国民スポーツ大会選考会（SAGAスタジアム）",
    "startDate": "2025-06-21",
    "endDate": "2025-06-22",
    "description": "",
    "pdf": "",
    "link": "/競技会/events/第７０回中学通信陸上競技兼国民スポーツ大会選考会（SAGAスタジアム）/index.html",
    "documents": {
      "要項": "",
      "申込用紙": "",
      "タイムテーブル": "",
      "エントリーリスト": "",
      "その他": "",
      "競技結果": ""
    }
  },
  {
    "name": "国見台ナイター",
    "startDate": "2025-06-28",
    "endDate": "2025-06-28",
    "description": "",
    "pdf": "",
    "link": "/競技会/events/国見台ナイター/index.html",
    "documents": {
      "要項": "",
      "申込用紙": "",
      "タイムテーブル": "",
      "エントリーリスト": "",
      "その他": "",
      "競技結果": ""
    }
  },
  {
    "name": "第２回佐賀長距離記録会兼国民スポーツ大会選考会（SAGAスタジアム）",
    "startDate": "2025-06-29",
    "endDate": "2025-06-29",
    "description": "",
    "pdf": "",
    "link": "/競技会/events/第２回佐賀長距離記録会兼国民スポーツ大会選考会（SAGAスタジアム）/index.html",
    "documents": {
      "要項": "",
      "申込用紙": "",
      "タイムテーブル": "",
      "エントリーリスト": "",
      "その他": "",
      "競技結果": ""
    }
  },
  {
    "name": "第７８回国民スポーツ大会選考会（SAGAスタジアム）",
    "startDate": "2025-07-05",
    "endDate": "2025-07-05",
    "description": "",
    "pdf": "",
    "link": "/競技会/events/第７８回国民スポーツ大会選考会（SAGAスタジアム）/index.html",
    "documents": {
      "要項": "",
      "申込用紙": "",
      "タイムテーブル": "",
      "エントリーリスト": "",
      "その他": "",
      "競技結果": ""
    }
  },
  {
    "name": "ＪＡ杯学童オリンピック（SAGAスタジアム）",
    "startDate": "2025-07-06",
    "endDate": "2025-07-06",
    "description": "",
    "pdf": "",
    "link": "/競技会/events/ＪＡ杯学童オリンピック（SAGAスタジアム）/index.html",
    "documents": {
      "要項": "",
      "申込用紙": "",
      "タイムテーブル": "",
      "エントリーリスト": "",
      "その他": "",
      "競技結果": ""
    }
  },
  {
    "name": "第６２回中学校総合体育大会陸上競技（SAGAスタジアム）",
    "startDate": "2025-07-12",
    "endDate": "2025-07-13",
    "description": "",
    "pdf": "/競技会/events//index.html",
    "link": "/競技会/events/第６２回中学校総合体育大会陸上競技（SAGAスタジアム）/index.html",
    "documents": {
      "要項": "",
      "申込用紙": "",
      "タイムテーブル": "",
      "エントリーリスト": "",
      "その他": "",
      "競技結果": ""
    }
  },
  {
    "name": "夏季記録会（SAGAスタジアム）",
    "startDate": "2025-07-19",
    "endDate": "2025-07-19",
    "description": "",
    "pdf": "",
    "link": "/競技会/events/夏季記録会（SAGAスタジアム）/index.html",
    "documents": {
      "要項": "",
      "申込用紙": "",
      "タイムテーブル": "",
      "エントリーリスト": "",
      "その他": "",
      "競技結果": ""
    }
  },
  {
    "name": "小城市民大会（佐賀）",
    "startDate": "2025-08-01",
    "endDate": "2025-08-01",
    "description": "",
    "pdf": "",
    "link": "/競技会/events/小城市民大会（佐賀）/index.html",
    "documents": {
      "要項": "",
      "申込用紙": "",
      "タイムテーブル": "",
      "エントリーリスト": "",
      "その他": "",
      "競技結果": ""
    }
  },
  {
    "name": "第６４回唐津陸上競技選手権大会（唐津）",
    "startDate": "2025-08-17",
    "endDate": "2025-08-17",
    "description": "",
    "pdf": "",
    "link": "/競技会/events/第６４回唐津陸上競技選手権大会（唐津）/index.html",
    "documents": {
      "要項": "",
      "申込用紙": "",
      "タイムテーブル": "",
      "エントリーリスト": "",
      "その他": "",
      "競技結果": ""
    }
  },
  {
    "name": "ジュニアオリンピック（兼Ｕ１８／Ｕ１６）予選会兼Ｕ２０・Ｕ１８チャレンジ記録会（SAGAスタジアム）",
    "startDate": "2025-08-30",
    "endDate": "2025-08-31",
    "description": "",
    "pdf": "ジュニアオリンピック（兼Ｕ１８／Ｕ１６）予選会兼Ｕ２０・Ｕ１８チャレンジ記録会（SAGAスタジアム）",
    "link": "/競技会/events//index.html",
    "documents": {
      "要項": "",
      "申込用紙": "",
      "タイムテーブル": "",
      "エントリーリスト": "",
      "その他": "",
      "競技結果": ""
    }
  },
  {
    "name": "第２３回緒方杯中学生クロスカントリー選手権大会（鹿島）",
    "startDate": "2025-09-06",
    "endDate": "2025-09-06",
    "description": "",
    "pdf": "",
    "link": "/競技会/events/第２３回緒方杯中学生クロスカントリー選手権大会（鹿島）/index.html",
    "documents": {
      "要項": "",
      "申込用紙": "",
      "タイムテーブル": "",
      "エントリーリスト": "",
      "その他": "",
      "競技結果": ""
    }
  },
  {
    "name": "第４０回小学生陸上交流大会（SAGAスタジアム）",
    "startDate": "2025-09-13",
    "endDate": "2025-09-13",
    "description": "",
    "pdf": "",
    "link": "/競技会/events/第４０回小学生陸上交流大会（SAGAスタジアム）/index.html",
    "documents": {
      "要項": "",
      "申込用紙": "",
      "タイムテーブル": "",
      "エントリーリスト": "",
      "その他": "",
      "競技結果": ""
    }
  },
  {
    "name": "第５６回県高校新人陸上競技大会（SAGAスタジアム）",
    "startDate": "2025-09-20",
    "endDate": "2025-09-21",
    "description": "",
    "pdf": "",
    "link": "/競技会/events/第５６回県高校新人陸上競技大会（SAGAスタジアム）/index.html",
    "documents": {
      "要項": "",
      "申込用紙": "",
      "タイムテーブル": "",
      "エントリーリスト": "",
      "その他": "",
      "競技結果": ""
    }
  },
  {
    "name": "第４２回国見台陸上カーニバル大会（伊万里）",
    "startDate": "2025-09-27",
    "endDate": "2025-09-27",
    "description": "",
    "pdf": "",
    "link": "/競技会/events/第４２回国見台陸上カーニバル大会（伊万里）/index.html",
    "documents": {
      "要項": "",
      "申込用紙": "",
      "タイムテーブル": "",
      "エントリーリスト": "",
      "その他": "",
      "競技結果": ""
    }
  },
  {
    "name": "第３０回佐賀県中学校新人陸上競技大会（SAGAスタジアム）",
    "startDate": "2025-10-04",
    "endDate": "2025-10-04",
    "description": "",
    "pdf": "",
    "link": "/競技会/events/第３０回佐賀県中学校新人陸上競技大会（SAGAスタジアム）/index.html",
    "documents": {
      "要項": "",
      "申込用紙": "",
      "タイムテーブル": "",
      "エントリーリスト": "",
      "その他": "",
      "競技結果": ""
    }
  },
  {
    "name": "第４回佐賀長距離記録会",
    "startDate": "2025-10-13",
    "endDate": "2025-10-13",
    "description": "",
    "pdf": "",
    "link": "/競技会/events/第４回佐賀長距離記録会/index.html",
    "documents": {
      "要項": "",
      "申込用紙": "",
      "タイムテーブル": "",
      "エントリーリスト": "",
      "その他": "",
      "競技結果": ""
    }
  },
  {
    "name": "佐賀スポーツフェスタ２０２５\n第７８回県民スポーツ大会陸上競技\nパラスポーツ大会～みんなの大会～（SAGAスタジアム）",
    "startDate": "2025-10-19",
    "endDate": "2025-10-19",
    "description": "",
    "pdf": "",
    "link": "/競技会/events/佐賀スポーツフェスタ２０２５ 第７８回県民スポーツ大会陸上競技 パラスポーツ大会～みんなの大会～（SAGAスタジアム）/index.html",
    "documents": {
      "要項": "",
      "申込用紙": "",
      "タイムテーブル": "",
      "エントリーリスト": "",
      "その他": "",
      "競技結果": ""
    }
  },
  {
    "name": "第７８回男子・第３９回女子県高校駅伝競走大会（佐賀）",
    "startDate": "2025-10-26",
    "endDate": "2025-10-26",
    "description": "",
    "pdf": "",
    "link": "/競技会/events/第７８回男子・第３９回女子県高校駅伝競走大会（佐賀）/index.html",
    "documents": {
      "要項": "",
      "申込用紙": "",
      "タイムテーブル": "",
      "エントリーリスト": "",
      "その他": "",
      "競技結果": ""
    }
  },
  {
    "name": "秋季記録会（SAGAスタジアム）",
    "startDate": "2025-11-02",
    "endDate": "2025-11-02",
    "description": "",
    "pdf": "",
    "link": "/競技会/events/秋季記録会（SAGAスタジアム）/index.html",
    "documents": {
      "要項":"/競技会/events/秋季記録会（SAGAスタジアム）/20251021_001.pdf",
      "申込用紙": "",
      "タイムテーブル": "",
      "エントリーリスト": "",
      "その他": "",
      "競技結果": ""
    }
  },
  {
    "name": "第６２回男子・第３８回女子佐賀県中学駅伝（白石町ふくどみマイランド公園コース）",
    "startDate": "2025-11-07",
    "endDate": "2025-11-07",
    "description": "",
    "pdf": "",
    "link": "/競技会/events/第６２回男子・第３８回女子佐賀県中学駅伝（白石町ふくどみマイランド公園コース）/index.html",
    "documents": {
      "要項": "",
      "申込用紙": "",
      "タイムテーブル": "",
      "エントリーリスト": "",
      "その他": "",
      "競技結果": ""
    }
  },
  {
    "name": "第５回佐賀長距離記録会兼第６回九州実業団陸上競技連盟長距離記録会（SAGAスタジアム）",
    "startDate": "2025-11-15",
    "endDate": "2025-11-15",
    "description": "",
    "pdf": "",
    "link": "/競技会/events/第５回佐賀長距離記録会兼第６回九州実業団陸上競技連盟長距離記録会（SAGAスタジアム）/index.html",
    "documents": {
      "要項": "",
      "申込用紙": "",
      "タイムテーブル": "",
      "エントリーリスト": "",
      "その他": "",
      "競技結果": ""
    }
  },
  {
    "name": "Ｕ１２チャレンジ陸上（SAGAスタジアム）",
    "startDate": "2025-11-16",
    "endDate": "2025-11-16",
    "description": "",
    "pdf": "",
    "link": "/競技会/events/Ｕ１２チャレンジ陸上（SAGAスタジアム）/index.html",
    "documents": {
      "要項": "",
      "申込用紙": "",
      "タイムテーブル": "",
      "エントリーリスト": "",
      "その他": "",
      "競技結果": ""
    }
  },
  {
    "name": "公認陸上競技スタートコーチ養成講習会（SAGAスタジアム）",
    "startDate": "2025-11-23",
    "endDate": "2025-11-23",
    "description": "",
    "pdf": "",
    "link": "/競技会/events/公認陸上競技スタートコーチ養成講習会（SAGAスタジアム）/index.html",
    "documents": {
      "要項": "",
      "申込用紙": "",
      "タイムテーブル": "",
      "エントリーリスト": "",
      "その他": "",
      "競技結果": ""
    }
  },
  {
    "name": "第６回佐賀長距離記録会兼全国都道府県対抗男女駅伝選考会（SAGAスタジアム）",
    "startDate": "2025-11-24",
    "endDate": "2025-11-24",
    "description": "",
    "pdf": "",
    "link": "/競技会/events/第６回佐賀長距離記録会兼全国都道府県対抗男女駅伝選考会（SAGAスタジアム）/index.html",
    "documents": {
      "要項": "",
      "申込用紙": "",
      "タイムテーブル": "",
      "エントリーリスト": "",
      "その他": "",
      "競技結果": ""
    }
  },
  {
    "name": "理事会研修会",
    "startDate": "2025-11-29",
    "endDate": "2025-11-29",
    "description": "",
    "pdf": "",
    "link": "/競技会/events//index.html",
    "documents": {
      "要項": "",
      "申込用紙": "",
      "タイムテーブル": "",
      "エントリーリスト": "",
      "その他": "",
      "競技結果": ""
    }
  },
  {
    "name": "第１８回小学生クロスカントリー研修大会（鹿島）",
    "startDate": "2025-11-30",
    "endDate": "2025-11-30",
    "description": "",
    "pdf": "",
    "link": "/競技会/events/第１８回小学生クロスカントリー研修大会（鹿島）/index.html",
    "documents": {
      "要項": "",
      "申込用紙": "",
      "タイムテーブル": "",
      "エントリーリスト": "",
      "その他": "",
      "競技結果": ""
    }
  },
  {
    "name": "トラック＆フィールド陸上クリニック（SAGAスタジアム）",
    "startDate": "2025-12-06",
    "endDate": "2025-12-06",
    "description": "",
    "pdf": "",
    "link": "/競技会/events/トラック＆フィールド陸上クリニック（SAGAスタジアム）/index.html",
    "documents": {
      "要項": "",
      "申込用紙": "",
      "タイムテーブル": "",
      "エントリーリスト": "",
      "その他": "",
      "競技結果": ""
    }
  },
  {
    "name": "トラック＆フィールド陸上クリニック（セカスタ）",
    "startDate": "2025-12-13",
    "endDate": "2025-12-13",
    "description": "",
    "pdf": "",
    "link": "/競技会/events/トラック＆フィールド陸上クリニック（セカスタ）/index.html",
    "documents": {
      "要項": "",
      "申込用紙": "",
      "タイムテーブル": "",
      "エントリーリスト": "",
      "その他": "",
      "競技結果": ""
    }
  },
  {
    "name": "トラック＆フィールド陸上クリニック（セカスタ）",
    "startDate": "2026-01-10",
    "endDate": "2026-01-10",
    "description": "",
    "pdf": "",
    "link": "/競技会/events/トラック＆フィールド陸上クリニック（セカスタ）/index.html",
    "documents": {
      "要項": "",
      "申込用紙": "",
      "タイムテーブル": "",
      "エントリーリスト": "",
      "その他": "",
      "競技結果": ""
    }
  },
  {
    "name": "伊万里ハーフマラソン２０２６（伊万里）",
    "startDate": "2026-01-12",
    "endDate": "2026-01-12",
    "description": "",
    "pdf": "",
    "link": "/競技会/events/伊万里ハーフマラソン２０２６（伊万里）/index.html",
    "documents": {
      "要項": "",
      "申込用紙": "",
      "タイムテーブル": "",
      "エントリーリスト": "",
      "その他": "",
      "競技結果": ""
    }
  },
  {
    "name": "トラック＆フィールド陸上クリニック（SAGAスタジアム）",
    "startDate": "2026-01-24",
    "endDate": "2026-01-24",
    "description": "",
    "pdf": "",
    "link": "/競技会/events/トラック＆フィールド陸上クリニック（SAGAスタジアム）/index.html",
    "documents": {
      "要項": "",
      "申込用紙": "",
      "タイムテーブル": "",
      "エントリーリスト": "",
      "その他": "",
      "競技結果": ""
    }
  },
  {
    "name": "第３８回高校生鳥栖１０kmロードレース大会（鳥栖）",
    "startDate": "2026-01-25",
    "endDate": "2026-01-25",
    "description": "",
    "pdf": "",
    "link": "/競技会/events/第３８回高校生鳥栖１０kmロードレース大会（鳥栖）/index.html",
    "documents": {
      "要項": "",
      "申込用紙": "",
      "タイムテーブル": "",
      "エントリーリスト": "",
      "その他": "",
      "競技結果": ""
    }
  },
  {
    "name": "トラック＆フィールド陸上クリニック（SAGAスタジアム）",
    "startDate": "2026-01-31",
    "endDate": "2026-01-31",
    "description": "",
    "pdf": "",
    "link": "/競技会/events/トラック＆フィールド陸上クリニック（SAGAスタジアム）/index.html",
    "documents": {
      "要項": "",
      "申込用紙": "",
      "タイムテーブル": "",
      "エントリーリスト": "",
      "その他": "",
      "競技結果": ""
    }
  },
  {
    "name": "トラック＆フィールド陸上クリニック（SAGAスタジアム）",
    "startDate": "2026-02-07",
    "endDate": "2026-02-07",
    "description": "",
    "pdf": "",
    "link": "/競技会/events/トラック＆フィールド陸上クリニック（SAGAスタジアム）/index.html",
    "documents": {
      "要項": "",
      "申込用紙": "",
      "タイムテーブル": "",
      "エントリーリスト": "",
      "その他": "",
      "競技結果": ""
    }
  },
  {
    "name": "第６６回唐津１０マイルロードレース大会（唐津）",
    "startDate": "2026-02-08",
    "endDate": "2026-02-08",
    "description": "",
    "pdf": "",
    "link": "/競技会/events/第６６回唐津１０マイルロードレース大会（唐津）/index.html",
    "documents": {
      "要項": "",
      "申込用紙": "",
      "タイムテーブル": "",
      "エントリーリスト": "",
      "その他": "",
      "競技結果": ""
    }
  },
  {
    "name": "第６６回県内一周駅伝競走大会（県内）",
    "startDate": "2026-02-13",
    "endDate": "2026-02-15",
    "description": "",
    "pdf": "",
    "link": "/競技会/events/第６６回県内一周駅伝競走大会（県内）/index.html",
    "documents": {
      "要項": "",
      "申込用紙": "",
      "タイムテーブル": "",
      "エントリーリスト": "",
      "その他": "",
      "競技結果": ""
    }
  },
  {
    "name": "第７３回鹿島祐徳ハーフマラソン（鹿島）",
    "startDate": "2026-02-22",
    "endDate": "2026-02-22",
    "description": "",
    "pdf": "",
    "link": "/競技会/events/第７３回鹿島祐徳ハーフマラソン（鹿島）/index.html",
    "documents": {
      "要項": "",
      "申込用紙": "",
      "タイムテーブル": "",
      "エントリーリスト": "",
      "その他": "",
      "競技結果": ""
    }
  },
  {
    "name": "第２９回歌垣の郷ロードレース大会（白石）",
    "startDate": "2026-03-01",
    "endDate": "2026-03-01",
    "description": "",
    "pdf": "",
    "link": "/競技会/events/第２９回歌垣の郷ロードレース大会（白石）/index.html",
    "documents": {
      "要項": "",
      "申込用紙": "",
      "タイムテーブル": "",
      "エントリーリスト": "",
      "その他": "",
      "競技結果": ""
    }
  },
  {
    "name": "トラック＆フィールド陸上クリニック（SAGAスタジアム）",
    "startDate": "2026-03-07",
    "endDate": "2026-03-07",
    "description": "",
    "pdf": "",
    "link": "/競技会/events/トラック＆フィールド陸上クリニック（SAGAスタジアム）/index.html",
    "documents": {
      "要項": "",
      "申込用紙": "",
      "タイムテーブル": "",
      "エントリーリスト": "",
      "その他": "",
      "競技結果": ""
    }
  },
  {
    "name": "審判講習会（佐賀新聞社会議室）",
    "startDate": "2026-03-08",
    "endDate": "2026-03-08",
    "description": "",
    "pdf": "",
    "link": "/競技会/events//index.html",
    "documents": {
      "要項": "",
      "申込用紙": "",
      "タイムテーブル": "",
      "エントリーリスト": "",
      "その他": "",
      "競技結果": ""
    }
  },
  {
    "name": "国見台記録会（伊万里）",
    "startDate": "2026-03-14",
    "endDate": "2026-03-14",
    "description": "",
    "pdf": "",
    "link": "/競技会/events/国見台記録会（伊万里）/index.html",
    "documents": {
      "要項": "",
      "申込用紙": "",
      "タイムテーブル": "",
      "エントリーリスト": "",
      "その他": "",
      "競技結果": ""
    }
  },
  {
    "name": "さが桜マラソン２０２６（佐賀）",
    "startDate": "2026-03-22",
    "endDate": "2026-03-22",
    "description": "",
    "pdf": "",
    "link": "/競技会/events/さが桜マラソン２０２６（佐賀）/index.html",
    "documents": {
      "要項": "",
      "申込用紙": "",
      "タイムテーブル": "",
      "エントリーリスト": "",
      "その他": "",
      "競技結果": ""
    }
  }
]
