[
  {
    "date": "2025/10/22",
    "label": "競技案内",
    "labelClass": "label",
    "text": "11月16日U12チャレンジ陸上記録会及び11月29日小学生駅伝についてを掲載しました。",
    "link": "#"
  },
  {
    "date": "2025/10/21",
    "label": "競技案内",
    "labelClass": "label",
    "text": "秋季記録会のタイムテーブルについてを掲載しました。",
    "link": "#"
  },
  {
    "date": "2025/10/21",
    "label": "事務連絡",
    "labelClass": "label-g",
    "text": "県高校駅伝大会の競技役員について訂正がありましたので再掲載しました。",
    "link": "#"
  },
  {
    "date": "2025/06/01",
    "label": "結果報告",
    "labelClass": "label-f",
    "text": "県民スポーツ大会・パラスポーツ大会の競技結果を掲載しました。",
    "link": "#"
  },
  {
    "date": "2025/10/16",
    "label": "事務連絡",
    "labelClass": "label-g",
    "text": "県高校駅伝大会の競技役員についてを掲載しました",
    "link": "#"
  },
  {
    "date": "2025/10/14",
    "label": "結果報告",
    "labelClass": "label-f",
    "text": "第４回佐賀長距離記録会の競技結果を掲載しました。",
    "link": "#"
  },
  {
    "date": "2025/10/08",
    "label": "競技案内",
    "labelClass": "label",
    "text": "県民スポーツ大会のタイムテーブル等についてを掲載しました。",
    "link": "#"
  },
  {
    "date": "2025/10/05",
    "label": "結果報告",
    "labelClass": "label-f",
    "text": "佐賀県中学生新人陸上大会の競技結果を掲載しました。",
    "link": "#"
  },
  {
    "date": "2025/06/01",
    "label": "事務連絡",
    "labelClass": "label-g",
    "text": "第４回佐賀長距離記録会のスタートリストを再掲載しました。",
    "link": "#"
  },
  {
    "date": "2025/06/01",
    "label": "事務連絡",
    "labelClass": "label-g",
    "text": "第４回佐賀長距離記録会のスタートリストを再掲載しました。",
    "link": "#"
  },
  {
    "date": "2025/06/01",
    "label": "事務連絡",
    "labelClass": "label-g",
    "text": "第４回佐賀長距離記録会のスタートリストを再掲載しました。",
    "link": "#"
  },
  {
    "date": "2025/06/01",
    "label": "事務連絡",
    "labelClass": "label-g",
    "text": "第４回佐賀長距離記録会のスタートリストを再掲載しました。",
    "link": "#"
  },
  {
    "date": "2025/06/01",
    "label": "事務連絡",
    "labelClass": "label-g",
    "text": "第４回佐賀長距離記録会のスタートリストを再掲載しました。",
    "link": "#"
  },
  {
    "date": "2024/12/20",
    "label": "結果報告",
    "labelClass": "label-f",
    "text": "冬季記録会の結果を掲載しました。",
    "link": "#"
  }
]
